 TIME                    	TTop                     	T2                       	T3                       	T4                       	T5                       	TBottom                  	TDHW                     	QAux                     	mdDHW                    	mdTank                   	mdByPass                 	
  +5.0880000000000000E+03	  +1.2484084629414725E+05	  +1.2369318830081007E+05	  +1.2161547798561509E+05	  +1.1694373415071797E+05	  +1.0648795578300933E+05	  +8.3115338426861083E+04	  +1.0529259150206740E+05	  +1.7534236108819350E+04	  +1.1540540228634165E+04	  +5.8864004247090097E+03	  +5.6541398039250162E+03	
